timestamp,unit_id,unit_type,empire_or_resistance,location_x,location_y,destination_x,destination_y,homeworld
2024-07-11 10:21:57,1,at-st,empire,1,1,3,8,Ryloth
2024-07-11 10:21:56,2,stormtrooper,empire,7,5,10,5,Iridonia
2024-07-11 10:21:55,3,at-st,empire,6,9,2,8,Dathomir
2024-07-11 10:21:54,4,tie_silencer,empire,10,2,3,2,Champala
2024-07-11 10:21:53,5,tie_fighter,resistance,5,10,8,7,Rodia
2024-07-11 10:21:52,6,tie_fighter,empire,5,9,10,5,Serenno
2024-07-11 10:21:51,7,at-st,resistance,8,8,7,5,Mon Cala
2024-07-11 10:21:50,8,at-at,empire,9,2,2,7,Quermia
2024-07-11 10:21:49,9,tie_silencer,resistance,4,7,2,6,Trandosha
2024-07-11 10:21:48,10,unknown,resistance,9,3,6,8,Trandosha
2024-07-11 10:21:47,11,stormtrooper,empire,9,3,2,2,Mirial
2024-07-11 10:21:46,12,tie_silencer,resistance,8,5,3,5,Concord Dawn
2024-07-11 10:21:45,13,at-st,empire,3,3,5,5,Muunilinst
2024-07-11 10:21:44,14,x-wing,resistance,4,1,9,10,Zolan
2024-07-11 10:21:43,15,stormtrooper,empire,2,4,2,9,Naboo
2024-07-11 10:21:42,16,tie_silencer,empire,10,5,6,3,Dathomir
2024-07-11 10:21:41,17,at-st,empire,4,5,8,4,Malastare
2024-07-11 10:21:40,18,resistance_soldier,empire,2,6,4,5,Glee Anselm
2024-07-11 10:21:39,19,tie_fighter,resistance,2,3,1,1,Kalee
2024-07-11 10:21:38,20,unknown,resistance,2,9,1,1,Rodia
2024-07-11 10:21:37,21,tie_fighter,empire,4,8,9,10,Sullust
2024-07-11 10:21:36,22,stormtrooper,resistance,7,3,1,10,Cerea
2024-07-11 10:21:35,23,tie_silencer,empire,4,9,7,4,Bestine IV
2024-07-11 10:21:34,24,unknown,resistance,2,1,6,7,Naboo
2024-07-11 10:21:33,25,resistance_soldier,empire,7,9,3,4,Mon Cala
2024-07-11 10:21:32,26,resistance_soldier,resistance,2,8,9,5,Toydaria
2024-07-11 10:21:31,27,unknown,resistance,5,9,3,10,Toydaria
2024-07-11 10:21:30,28,x-wing,resistance,5,10,9,10,Vulpter
2024-07-11 10:21:29,29,x-wing,resistance,9,9,6,9,Quermia
2024-07-11 10:21:28,30,unknown,resistance,7,10,8,4,Eriadu
2024-07-11 10:21:27,31,x-wing,empire,9,6,2,2,Tund
2024-07-11 10:21:26,32,at-st,resistance,5,6,10,2,Ryloth
2024-07-11 10:21:25,33,tie_fighter,empire,1,4,1,7,Vulpter
2024-07-11 10:21:24,34,tie_fighter,resistance,2,10,10,9,Tund
2024-07-11 10:21:23,35,tie_silencer,resistance,9,1,2,2,Iktotch
2024-07-11 10:21:22,36,tie_fighter,empire,9,5,9,1,Cerea
2024-07-11 10:21:21,37,tie_fighter,empire,9,2,4,4,Shili
2024-07-11 10:21:20,38,tie_silencer,empire,7,7,9,6,Skako
2024-07-11 10:21:19,39,tie_fighter,empire,3,5,10,7,Kashyyyk
2024-07-11 10:21:18,40,at-at,empire,1,3,1,10,Shili
2024-07-11 10:21:17,41,unknown,empire,3,3,7,2,Ryloth
2024-07-11 10:21:16,42,at-at,empire,3,3,1,7,Ryloth
2024-07-11 10:21:15,43,x-wing,resistance,8,5,5,9,Iridonia
2024-07-11 10:21:14,44,unknown,empire,4,8,1,4,Quermia
2024-07-11 10:21:13,45,at-st,empire,2,4,2,2,Haruun Kal
2024-07-11 10:21:12,46,stormtrooper,resistance,10,5,6,5,Dathomir
2024-07-11 10:21:11,47,stormtrooper,empire,3,3,5,7,Zolan
2024-07-11 10:21:10,48,unknown,empire,9,6,8,1,Ryloth
2024-07-11 10:21:09,49,stormtrooper,empire,10,10,2,2,Glee Anselm
2024-07-11 10:21:08,50,resistance_soldier,resistance,6,1,4,10,Vulpter
2024-07-11 10:21:07,51,resistance_soldier,empire,6,3,7,10,Eriadu
2024-07-11 10:21:06,52,at-at,empire,5,1,7,10,Iktotch
2024-07-11 10:21:05,53,unknown,empire,2,1,9,7,Trandosha
2024-07-11 10:21:04,54,unknown,resistance,10,5,5,8,Corellia
2024-07-11 10:21:03,55,tie_silencer,empire,10,1,8,7,Dorin
2024-07-11 10:21:02,56,at-at,empire,7,1,7,10,Malastare
2024-07-11 10:21:01,57,resistance_soldier,empire,6,3,4,3,Corellia
2024-07-11 10:21:00,58,at-st,resistance,4,2,6,4,Eriadu
2024-07-11 10:20:59,59,tie_silencer,empire,3,1,1,3,Dorin
2024-07-11 10:20:58,60,at-st,resistance,2,5,1,5,Stewjon
2024-07-11 10:20:57,61,tie_silencer,resistance,1,7,1,2,Dagobah
2024-07-11 10:20:56,62,at-at,empire,6,4,1,2,Chandrila
2024-07-11 10:20:55,63,x-wing,resistance,5,7,5,5,Haruun Kal
2024-07-11 10:20:54,64,x-wing,empire,3,3,9,8,Naboo
2024-07-11 10:20:53,65,tie_silencer,resistance,10,3,7,4,Concord Dawn
2024-07-11 10:20:52,66,at-st,empire,9,4,5,10,Ryloth
2024-07-11 10:20:51,67,x-wing,empire,5,9,9,7,Stewjon
2024-07-11 10:20:50,68,at-at,resistance,10,10,6,4,Tholoth
2024-07-11 10:20:49,69,tie_silencer,empire,9,2,5,8,Bestine IV
2024-07-11 10:20:48,70,at-at,resistance,10,7,5,7,Troiken
2024-07-11 10:20:47,71,at-at,empire,10,1,4,3,Iktotch
2024-07-11 10:20:46,72,at-at,resistance,2,6,7,4,Shili
2024-07-11 10:20:45,73,at-st,empire,6,5,3,2,Iridonia
2024-07-11 10:20:44,74,at-at,empire,9,8,4,1,Serenno
2024-07-11 10:20:43,75,tie_silencer,resistance,3,6,1,9,Tund
2024-07-11 10:20:42,76,x-wing,resistance,5,2,9,3,Shili
2024-07-11 10:20:41,77,tie_silencer,resistance,8,10,2,3,Bestine IV
2024-07-11 10:20:40,78,at-at,resistance,1,8,2,9,Kashyyyk
2024-07-11 10:20:39,79,at-at,empire,6,2,1,2,Bestine IV
2024-07-11 10:20:38,80,at-at,resistance,5,5,9,8,Umbara
2024-07-11 10:20:37,81,at-at,empire,1,4,7,5,Toydaria
2024-07-11 10:20:36,82,unknown,empire,10,4,7,9,Dathomir
2024-07-11 10:20:35,83,tie_fighter,resistance,3,10,4,5,Skako
2024-07-11 10:20:34,84,at-st,resistance,10,4,5,2,Mon Cala
2024-07-11 10:20:33,85,tie_fighter,empire,9,3,8,3,Vulpter
2024-07-11 10:20:32,86,at-at,resistance,2,7,7,5,Mon Cala
2024-07-11 10:20:31,87,at-at,empire,8,5,3,6,Dagobah
2024-07-11 10:20:30,88,stormtrooper,empire,8,6,7,6,Iridonia
2024-07-11 10:20:29,89,tie_silencer,empire,2,5,2,4,Naboo
2024-07-11 10:20:28,90,at-st,resistance,4,10,3,8,Malastare
2024-07-11 10:20:27,91,unknown,resistance,8,10,8,9,Mon Cala
2024-07-11 10:20:26,92,stormtrooper,empire,4,7,2,10,Serenno
2024-07-11 10:20:25,93,at-st,resistance,8,8,4,3,Cerea
2024-07-11 10:20:24,94,unknown,empire,4,10,9,10,Muunilinst
2024-07-11 10:20:23,95,tie_fighter,empire,7,8,1,8,Shili
2024-07-11 10:20:22,96,unknown,empire,10,6,7,3,Troiken
2024-07-11 10:20:21,97,x-wing,resistance,8,10,3,7,Toydaria
2024-07-11 10:20:20,98,tie_fighter,resistance,6,7,4,4,Dagobah
2024-07-11 10:20:19,99,at-at,empire,3,5,5,10,Dagobah
2024-07-11 10:20:18,100,stormtrooper,resistance,4,9,7,5,Stewjon
2024-07-11 10:20:17,101,unknown,resistance,2,9,7,6,Shili
2024-07-11 10:20:16,102,x-wing,resistance,10,1,3,9,Mirial
2024-07-11 10:20:15,103,x-wing,resistance,10,3,1,6,Corellia
2024-07-11 10:20:14,104,resistance_soldier,resistance,3,2,6,10,Naboo
2024-07-11 10:20:13,105,tie_fighter,resistance,4,9,10,6,Ryloth
2024-07-11 10:20:12,106,unknown,empire,2,5,8,1,Chandrila
2024-07-11 10:20:11,107,at-at,resistance,8,7,1,7,Shili
2024-07-11 10:20:10,108,at-at,empire,7,4,9,9,Umbara
2024-07-11 10:20:09,109,tie_silencer,empire,2,6,5,2,Glee Anselm
2024-07-11 10:20:08,110,tie_silencer,resistance,7,6,9,9,Naboo
2024-07-11 10:20:07,111,tie_silencer,empire,8,3,8,3,Dathomir
2024-07-11 10:20:06,112,resistance_soldier,empire,10,2,4,6,Dorin
2024-07-11 10:20:05,113,tie_fighter,empire,5,8,9,8,Zolan
2024-07-11 10:20:04,114,at-at,resistance,9,3,2,2,Dagobah
2024-07-11 10:20:03,115,unknown,empire,5,10,3,4,Kashyyyk
2024-07-11 10:20:02,116,tie_fighter,empire,1,10,2,9,Sullust
2024-07-11 10:20:01,117,x-wing,empire,5,2,9,1,Skako
2024-07-11 10:20:00,118,resistance_soldier,empire,6,4,9,6,Stewjon
2024-07-11 10:19:59,119,stormtrooper,resistance,4,8,4,5,Cerea
2024-07-11 10:19:58,120,at-st,resistance,3,2,9,5,Iktotch
2024-07-11 10:19:57,121,x-wing,resistance,7,10,7,7,Haruun Kal
2024-07-11 10:19:56,122,stormtrooper,resistance,10,8,4,4,Malastare
2024-07-11 10:19:55,123,unknown,empire,8,8,4,9,Socorro
2024-07-11 10:19:54,124,stormtrooper,resistance,8,2,5,10,Ryloth
2024-07-11 10:19:53,125,x-wing,resistance,9,5,5,1,Tatooine
2024-07-11 10:19:52,126,unknown,empire,7,9,2,9,Alderaan
2024-07-11 10:19:51,127,at-at,empire,9,3,2,9,Aleen Minor
2024-07-11 10:19:50,128,at-st,resistance,8,9,10,8,Dorin
2024-07-11 10:19:49,129,tie_fighter,empire,8,3,2,4,Alderaan
2024-07-11 10:19:48,130,at-st,empire,5,1,10,7,Zolan
2024-07-11 10:19:47,131,at-at,resistance,1,3,5,10,Troiken
2024-07-11 10:19:46,132,unknown,resistance,6,7,1,10,Zolan
2024-07-11 10:19:45,133,x-wing,empire,6,7,10,4,Haruun Kal
2024-07-11 10:19:44,134,x-wing,empire,5,6,6,6,Skako
2024-07-11 10:19:43,135,unknown,resistance,4,6,5,4,Tholoth
2024-07-11 10:19:42,136,stormtrooper,empire,4,7,3,10,Aleen Minor
2024-07-11 10:19:41,137,x-wing,empire,2,4,10,6,Trandosha
2024-07-11 10:19:40,138,at-st,empire,7,10,8,6,Trandosha
2024-07-11 10:19:39,139,unknown,empire,7,6,5,5,Mon Cala
2024-07-11 10:19:38,140,at-st,empire,4,6,7,6,Mon Cala
2024-07-11 10:19:37,141,at-st,empire,1,2,6,6,Stewjon
2024-07-11 10:19:36,142,resistance_soldier,resistance,7,3,9,1,Rodia
2024-07-11 10:19:35,143,tie_silencer,empire,8,5,4,7,Stewjon
2024-07-11 10:19:34,144,x-wing,resistance,9,4,7,6,Tund
2024-07-11 10:19:33,145,tie_silencer,resistance,2,5,2,6,Umbara
2024-07-11 10:19:32,146,resistance_soldier,resistance,5,4,6,2,Glee Anselm
2024-07-11 10:19:31,147,tie_fighter,resistance,2,6,3,8,Eriadu
2024-07-11 10:19:30,148,at-at,resistance,8,6,5,4,Tatooine
2024-07-11 10:19:29,149,at-st,resistance,1,8,2,2,Iktotch
2024-07-11 10:19:28,150,tie_fighter,resistance,9,6,7,2,Rodia
2024-07-11 10:19:27,151,unknown,resistance,10,9,10,3,Umbara
2024-07-11 10:19:26,152,x-wing,resistance,8,3,1,4,Sullust
2024-07-11 10:19:25,153,x-wing,resistance,5,1,5,8,Mon Cala
2024-07-11 10:19:24,154,tie_fighter,resistance,6,3,5,10,Iridonia
2024-07-11 10:19:23,155,tie_fighter,resistance,7,2,8,6,Socorro
2024-07-11 10:19:22,156,resistance_soldier,empire,7,5,7,3,Socorro
2024-07-11 10:19:21,157,tie_fighter,empire,2,3,6,6,Skako
2024-07-11 10:19:20,158,resistance_soldier,empire,2,8,9,7,Vulpter
2024-07-11 10:19:19,159,unknown,resistance,6,9,9,5,Champala
2024-07-11 10:19:18,160,at-st,resistance,6,9,5,10,Cerea
2024-07-11 10:19:17,161,resistance_soldier,resistance,6,5,4,6,Ojom
2024-07-11 10:19:16,162,stormtrooper,resistance,10,6,2,9,Dathomir
2024-07-11 10:19:15,163,tie_fighter,resistance,10,3,3,5,Vulpter
2024-07-11 10:19:14,164,tie_fighter,empire,4,1,4,2,Champala
2024-07-11 10:19:13,165,at-st,resistance,1,3,10,8,Champala
2024-07-11 10:19:12,166,tie_silencer,resistance,6,7,10,2,Troiken
2024-07-11 10:19:11,167,unknown,empire,1,9,7,1,Mirial
2024-07-11 10:19:10,168,unknown,resistance,4,3,6,5,Mirial
2024-07-11 10:19:09,169,unknown,empire,1,9,6,4,Stewjon
2024-07-11 10:19:08,170,at-st,empire,10,2,5,8,Muunilinst
2024-07-11 10:19:07,171,tie_silencer,empire,2,9,8,5,Muunilinst
2024-07-11 10:19:06,172,stormtrooper,resistance,4,6,6,3,Mirial
2024-07-11 10:19:05,173,stormtrooper,empire,2,10,5,10,Chandrila
2024-07-11 10:19:04,174,resistance_soldier,empire,10,8,5,8,Vulpter
2024-07-11 10:19:03,175,at-at,empire,9,1,10,1,Glee Anselm
2024-07-11 10:19:02,176,tie_silencer,resistance,9,1,3,4,Sullust
2024-07-11 10:19:01,177,tie_fighter,empire,4,9,2,9,Tatooine
2024-07-11 10:19:00,178,at-at,empire,8,1,4,1,Chandrila
2024-07-11 10:18:59,179,at-st,resistance,4,9,1,6,Cerea
2024-07-11 10:18:58,180,stormtrooper,empire,8,4,1,4,Stewjon
2024-07-11 10:18:57,181,resistance_soldier,empire,3,1,5,3,Alderaan
2024-07-11 10:18:56,182,at-at,resistance,6,2,7,2,Mon Cala
2024-07-11 10:18:55,183,tie_fighter,empire,1,1,8,3,Alderaan
2024-07-11 10:18:54,184,tie_silencer,resistance,9,2,3,6,Troiken
2024-07-11 10:18:53,185,at-st,empire,1,6,10,7,Zolan
2024-07-11 10:18:52,186,at-st,resistance,10,5,5,10,Iridonia
2024-07-11 10:18:51,187,resistance_soldier,resistance,2,4,7,7,Glee Anselm
2024-07-11 10:18:50,188,at-at,empire,1,5,2,7,Stewjon
2024-07-11 10:18:49,189,stormtrooper,resistance,3,10,1,3,Haruun Kal
2024-07-11 10:18:48,190,tie_fighter,resistance,3,7,4,10,Iridonia
2024-07-11 10:18:47,191,x-wing,empire,7,7,8,2,Glee Anselm
2024-07-11 10:18:46,192,unknown,resistance,10,10,7,7,Umbara
2024-07-11 10:18:45,193,tie_fighter,empire,9,4,7,7,Socorro
2024-07-11 10:18:44,194,unknown,resistance,9,10,6,1,Naboo
2024-07-11 10:18:43,195,tie_silencer,empire,7,9,10,10,Sullust
2024-07-11 10:18:42,196,at-at,resistance,5,9,6,7,Tund
2024-07-11 10:18:41,197,tie_silencer,empire,3,6,8,6,Tund
2024-07-11 10:18:40,198,tie_silencer,empire,10,8,1,5,Aleen Minor
2024-07-11 10:18:39,199,resistance_soldier,empire,5,3,3,10,Malastare
2024-07-11 10:18:38,200,resistance_soldier,resistance,1,8,7,6,Tatooine
2024-07-11 10:18:37,201,at-st,empire,5,6,8,8,Vulpter
2024-07-11 10:18:36,202,tie_silencer,resistance,8,10,6,5,Haruun Kal
2024-07-11 10:18:35,203,tie_fighter,empire,6,2,4,7,Mirial
2024-07-11 10:18:34,204,stormtrooper,resistance,6,1,8,4,Champala
2024-07-11 10:18:33,205,at-st,empire,10,8,6,8,Bestine IV
2024-07-11 10:18:32,206,at-at,empire,6,3,7,2,Dorin
2024-07-11 10:18:31,207,resistance_soldier,resistance,9,6,1,1,Dathomir
2024-07-11 10:18:30,208,stormtrooper,empire,7,10,2,1,Glee Anselm
2024-07-11 10:18:29,209,tie_fighter,resistance,9,4,3,2,Champala
2024-07-11 10:18:28,210,x-wing,resistance,4,8,6,9,Vulpter
2024-07-11 10:18:27,211,tie_silencer,resistance,1,8,3,4,Sullust
2024-07-11 10:18:26,212,resistance_soldier,empire,7,1,8,4,Troiken
2024-07-11 10:18:25,213,tie_fighter,empire,7,5,10,3,Champala
2024-07-11 10:18:24,214,stormtrooper,resistance,10,1,7,6,Serenno
2024-07-11 10:18:23,215,unknown,resistance,5,5,2,7,Eriadu
2024-07-11 10:18:22,216,at-at,empire,2,2,2,1,Stewjon
2024-07-11 10:18:21,217,stormtrooper,empire,7,10,9,4,Aleen Minor
2024-07-11 10:18:20,218,at-st,empire,5,4,2,2,Chandrila
2024-07-11 10:18:19,219,resistance_soldier,resistance,4,4,7,9,Dathomir
2024-07-11 10:18:18,220,x-wing,empire,10,3,3,1,Toydaria
2024-07-11 10:18:17,221,at-at,resistance,1,2,7,9,Ryloth
2024-07-11 10:18:16,222,x-wing,resistance,4,5,5,9,Aleen Minor
2024-07-11 10:18:15,223,tie_silencer,empire,4,5,8,4,Cerea
2024-07-11 10:18:14,224,at-at,resistance,10,10,4,10,Aleen Minor
2024-07-11 10:18:13,225,unknown,resistance,2,6,9,10,Rodia
2024-07-11 10:18:12,226,tie_fighter,empire,8,4,7,3,Tholoth
2024-07-11 10:18:11,227,resistance_soldier,resistance,9,4,6,9,Ojom
2024-07-11 10:18:10,228,stormtrooper,empire,4,6,3,6,Skako
2024-07-11 10:18:09,229,x-wing,empire,1,5,10,2,Ryloth
2024-07-11 10:18:08,230,tie_silencer,resistance,3,10,8,8,Ryloth
2024-07-11 10:18:07,231,tie_fighter,empire,7,3,7,9,Mon Cala
2024-07-11 10:18:06,232,resistance_soldier,empire,8,2,9,7,Glee Anselm
2024-07-11 10:18:05,233,tie_fighter,resistance,3,10,4,5,Tholoth
2024-07-11 10:18:04,234,stormtrooper,resistance,4,5,9,6,Corellia
2024-07-11 10:18:03,235,x-wing,resistance,6,8,3,9,Chandrila
2024-07-11 10:18:02,236,x-wing,resistance,5,8,7,10,Troiken
2024-07-11 10:18:01,237,unknown,empire,4,2,2,8,Stewjon
2024-07-11 10:18:00,238,x-wing,empire,5,2,4,3,Zolan
2024-07-11 10:17:59,239,at-at,resistance,4,3,9,3,Serenno
2024-07-11 10:17:58,240,x-wing,resistance,2,2,8,3,Stewjon
2024-07-11 10:17:57,241,tie_silencer,empire,6,7,5,9,Serenno
2024-07-11 10:17:56,242,tie_fighter,empire,7,4,6,1,Trandosha
2024-07-11 10:17:55,243,at-at,resistance,4,6,7,4,Zolan
2024-07-11 10:17:54,244,at-st,empire,9,1,2,2,Haruun Kal
2024-07-11 10:17:53,245,tie_silencer,resistance,1,10,7,4,Bestine IV
2024-07-11 10:17:52,246,tie_fighter,resistance,5,2,7,7,Mirial
2024-07-11 10:17:51,247,tie_silencer,empire,7,8,8,9,Vulpter
2024-07-11 10:17:50,248,resistance_soldier,resistance,1,3,2,1,Haruun Kal
2024-07-11 10:17:49,249,at-st,resistance,4,9,7,7,Serenno
2024-07-11 10:17:48,250,tie_fighter,resistance,2,5,8,6,Ojom
2024-07-11 10:17:47,251,at-at,resistance,5,2,5,5,Tholoth
2024-07-11 10:17:46,252,at-at,resistance,5,4,3,1,Kashyyyk
2024-07-11 10:17:45,253,tie_fighter,empire,4,6,6,6,Dagobah
2024-07-11 10:17:44,254,tie_silencer,empire,1,8,4,4,Bestine IV
2024-07-11 10:17:43,255,unknown,empire,1,4,3,7,Iktotch
2024-07-11 10:17:42,256,at-at,empire,1,7,10,8,Sullust
2024-07-11 10:17:41,257,at-at,resistance,2,4,6,9,Ryloth
2024-07-11 10:17:40,258,x-wing,empire,1,9,9,3,Aleen Minor
2024-07-11 10:17:39,259,tie_fighter,resistance,2,7,2,7,Aleen Minor
2024-07-11 10:17:38,260,stormtrooper,empire,7,4,2,7,Glee Anselm
2024-07-11 10:17:37,261,x-wing,empire,7,7,1,4,Iridonia
2024-07-11 10:17:36,262,x-wing,empire,7,8,5,5,Kashyyyk
2024-07-11 10:17:35,263,stormtrooper,resistance,3,5,10,2,Dagobah
2024-07-11 10:17:34,264,at-st,empire,6,2,2,5,Iridonia
2024-07-11 10:17:33,265,tie_silencer,empire,7,3,8,8,Stewjon
2024-07-11 10:17:32,266,x-wing,empire,1,4,4,8,Mirial
2024-07-11 10:17:31,267,at-at,resistance,7,8,6,5,Kalee
2024-07-11 10:17:30,268,tie_fighter,resistance,8,8,6,1,Muunilinst
2024-07-11 10:17:29,269,at-st,empire,5,3,7,4,Stewjon
2024-07-11 10:17:28,270,x-wing,resistance,9,8,10,7,Bestine IV
2024-07-11 10:17:27,271,at-at,empire,6,10,1,6,Naboo
2024-07-11 10:17:26,272,tie_silencer,empire,9,6,5,3,Mirial
2024-07-11 10:17:25,273,at-st,resistance,5,8,3,10,Cerea
2024-07-11 10:17:24,274,unknown,empire,5,6,6,6,Aleen Minor
2024-07-11 10:17:23,275,tie_silencer,empire,3,6,10,9,Alderaan
2024-07-11 10:17:22,276,resistance_soldier,empire,4,2,8,9,Kalee
2024-07-11 10:17:21,277,at-at,empire,9,10,9,6,Shili
2024-07-11 10:17:20,278,resistance_soldier,resistance,3,2,5,3,Sullust
2024-07-11 10:17:19,279,tie_silencer,resistance,2,4,7,7,Dagobah
2024-07-11 10:17:18,280,tie_fighter,resistance,5,6,1,9,Chandrila
2024-07-11 10:17:17,281,resistance_soldier,empire,1,1,9,10,Socorro
2024-07-11 10:17:16,282,x-wing,resistance,2,6,10,3,Champala
2024-07-11 10:17:15,283,tie_fighter,resistance,8,3,2,10,Tholoth
2024-07-11 10:17:14,284,unknown,resistance,3,4,7,10,Dathomir
2024-07-11 10:17:13,285,at-at,empire,9,10,6,3,Trandosha
2024-07-11 10:17:12,286,resistance_soldier,resistance,2,9,5,5,Alderaan
2024-07-11 10:17:11,287,tie_fighter,empire,3,4,5,10,Corellia
2024-07-11 10:17:10,288,x-wing,empire,4,8,3,5,Umbara
2024-07-11 10:17:09,289,tie_fighter,empire,3,4,4,6,Tholoth
2024-07-11 10:17:08,290,resistance_soldier,resistance,1,4,6,1,Haruun Kal
2024-07-11 10:17:07,291,tie_silencer,empire,4,8,4,3,Tholoth
2024-07-11 10:17:06,292,at-at,resistance,8,10,7,1,Concord Dawn
2024-07-11 10:17:05,293,tie_silencer,resistance,8,2,6,8,Skako
2024-07-11 10:17:04,294,at-at,resistance,8,9,5,4,Mirial
2024-07-11 10:17:03,295,resistance_soldier,resistance,2,5,6,7,Alderaan
2024-07-11 10:17:02,296,x-wing,resistance,4,3,3,9,Shili
2024-07-11 10:17:01,297,at-at,empire,3,3,4,4,Dagobah
2024-07-11 10:17:00,298,resistance_soldier,resistance,3,9,2,8,Tund
2024-07-11 10:16:59,299,unknown,resistance,4,3,10,2,Umbara
2024-07-11 10:16:58,300,x-wing,resistance,7,10,8,3,Ojom
2024-07-11 10:16:57,301,x-wing,empire,10,10,1,7,Mon Cala
2024-07-11 10:16:56,302,x-wing,resistance,1,1,5,10,Dathomir
2024-07-11 10:16:55,303,x-wing,empire,4,3,1,6,Shili
2024-07-11 10:16:54,304,tie_silencer,resistance,7,3,8,9,Iridonia
2024-07-11 10:16:53,305,at-at,resistance,8,5,3,5,Shili
2024-07-11 10:16:52,306,stormtrooper,resistance,2,5,3,7,Ryloth
2024-07-11 10:16:51,307,x-wing,resistance,3,1,8,4,Dorin
2024-07-11 10:16:50,308,at-at,empire,6,9,7,3,Aleen Minor
2024-07-11 10:16:49,309,resistance_soldier,resistance,8,5,8,1,Shili
2024-07-11 10:16:48,310,resistance_soldier,resistance,7,8,5,5,Kalee
2024-07-11 10:16:47,311,tie_silencer,resistance,4,6,9,3,Corellia
2024-07-11 10:16:46,312,at-st,resistance,7,5,7,6,Vulpter
2024-07-11 10:16:45,313,resistance_soldier,empire,5,5,6,2,Chandrila
2024-07-11 10:16:44,314,stormtrooper,resistance,2,2,10,8,Sullust
2024-07-11 10:16:43,315,at-st,resistance,2,7,10,5,Alderaan
2024-07-11 10:16:42,316,x-wing,empire,3,1,7,4,Dagobah
2024-07-11 10:16:41,317,tie_fighter,resistance,5,10,1,8,Stewjon
2024-07-11 10:16:40,318,at-st,resistance,8,7,1,7,Sullust
2024-07-11 10:16:39,319,x-wing,resistance,5,6,4,7,Mirial
2024-07-11 10:16:38,320,unknown,empire,6,6,6,3,Dagobah
2024-07-11 10:16:37,321,at-at,empire,8,9,2,9,Iridonia
2024-07-11 10:16:36,322,stormtrooper,resistance,1,4,2,5,Kashyyyk
2024-07-11 10:16:35,323,at-at,empire,8,3,9,3,Zolan
2024-07-11 10:16:34,324,at-st,empire,7,9,6,5,Toydaria
2024-07-11 10:16:33,325,at-at,empire,5,4,8,5,Shili
2024-07-11 10:16:32,326,at-at,resistance,1,8,2,10,Champala
2024-07-11 10:16:31,327,stormtrooper,resistance,6,9,1,6,Naboo
2024-07-11 10:16:30,328,resistance_soldier,empire,5,7,9,10,Dathomir
2024-07-11 10:16:29,329,tie_silencer,empire,7,10,2,3,Bestine IV
2024-07-11 10:16:28,330,tie_silencer,empire,7,9,5,4,Tholoth
2024-07-11 10:16:27,331,at-at,empire,4,3,8,3,Concord Dawn
2024-07-11 10:16:26,332,stormtrooper,resistance,2,6,1,9,Alderaan
2024-07-11 10:16:25,333,tie_silencer,empire,5,10,3,4,Tatooine
2024-07-11 10:16:24,334,at-st,empire,1,9,10,7,Tatooine
2024-07-11 10:16:23,335,tie_fighter,resistance,6,2,1,2,Kalee
2024-07-11 10:16:22,336,stormtrooper,empire,1,6,6,2,Stewjon
2024-07-11 10:16:21,337,at-at,resistance,10,4,1,7,Kalee
2024-07-11 10:16:20,338,tie_silencer,empire,6,10,2,5,Umbara
2024-07-11 10:16:19,339,unknown,empire,5,9,7,7,Corellia
2024-07-11 10:16:18,340,x-wing,empire,7,9,10,8,Toydaria
2024-07-11 10:16:17,341,at-st,empire,1,5,5,7,Skako
2024-07-11 10:16:16,342,at-at,resistance,6,5,7,3,Bestine IV
2024-07-11 10:16:15,343,resistance_soldier,resistance,7,6,3,4,Zolan
2024-07-11 10:16:14,344,resistance_soldier,resistance,7,5,8,9,Muunilinst
2024-07-11 10:16:13,345,unknown,empire,8,1,5,10,Skako
2024-07-11 10:16:12,346,resistance_soldier,empire,2,5,2,6,Malastare
2024-07-11 10:16:11,347,tie_fighter,resistance,8,3,2,7,Tund
2024-07-11 10:16:10,348,resistance_soldier,resistance,6,8,9,10,Dagobah
2024-07-11 10:16:09,349,stormtrooper,empire,6,3,5,5,Tatooine
2024-07-11 10:16:08,350,tie_fighter,empire,8,9,5,8,Eriadu
2024-07-11 10:16:07,351,unknown,resistance,4,8,7,10,Tatooine
2024-07-11 10:16:06,352,at-at,empire,5,3,9,8,Toydaria
2024-07-11 10:16:05,353,resistance_soldier,resistance,9,5,3,5,Kashyyyk
2024-07-11 10:16:04,354,stormtrooper,resistance,6,8,5,7,Corellia
2024-07-11 10:16:03,355,x-wing,resistance,8,1,1,9,Umbara
2024-07-11 10:16:02,356,at-at,empire,4,3,3,5,Socorro
2024-07-11 10:16:01,357,at-at,empire,8,10,4,9,Troiken
2024-07-11 10:16:00,358,stormtrooper,empire,3,6,5,5,Serenno
2024-07-11 10:15:59,359,unknown,resistance,6,3,1,5,Glee Anselm
2024-07-11 10:15:58,360,unknown,resistance,10,7,10,4,Zolan
2024-07-11 10:15:57,361,stormtrooper,empire,1,9,7,2,Umbara
2024-07-11 10:15:56,362,tie_fighter,empire,8,8,10,10,Concord Dawn
2024-07-11 10:15:55,363,unknown,empire,8,5,10,9,Champala
2024-07-11 10:15:54,364,at-st,resistance,9,5,8,1,Stewjon
2024-07-11 10:15:53,365,tie_silencer,empire,7,1,6,7,Iridonia
2024-07-11 10:15:52,366,tie_silencer,resistance,1,1,7,9,Iktotch
2024-07-11 10:15:51,367,stormtrooper,empire,2,1,2,1,Muunilinst
2024-07-11 10:15:50,368,tie_silencer,resistance,6,8,1,8,Trandosha
2024-07-11 10:15:49,369,at-at,empire,10,9,6,3,Concord Dawn
2024-07-11 10:15:48,370,x-wing,resistance,6,9,3,9,Cerea
2024-07-11 10:15:47,371,x-wing,empire,1,5,10,10,Corellia
2024-07-11 10:15:46,372,unknown,empire,2,4,8,9,Cerea
2024-07-11 10:15:45,373,unknown,resistance,1,9,7,1,Iridonia
2024-07-11 10:15:44,374,tie_silencer,empire,9,10,4,5,Glee Anselm
2024-07-11 10:15:43,375,at-at,resistance,2,9,9,6,Concord Dawn
2024-07-11 10:15:42,376,stormtrooper,resistance,6,9,10,3,Sullust
2024-07-11 10:15:41,377,at-at,resistance,6,9,8,8,Eriadu
2024-07-11 10:15:40,378,stormtrooper,resistance,9,5,9,5,Sullust
2024-07-11 10:15:39,379,at-st,resistance,1,7,4,5,Eriadu
2024-07-11 10:15:38,380,tie_fighter,empire,4,4,2,7,Ryloth
2024-07-11 10:15:37,381,stormtrooper,empire,10,7,3,5,Mon Cala
2024-07-11 10:15:36,382,tie_fighter,resistance,5,6,8,10,Aleen Minor
2024-07-11 10:15:35,383,stormtrooper,empire,7,10,4,5,Iktotch
2024-07-11 10:15:34,384,stormtrooper,empire,6,4,4,8,Skako
2024-07-11 10:15:33,385,at-at,empire,1,1,8,3,Socorro
2024-07-11 10:15:32,386,tie_fighter,resistance,8,10,8,6,Quermia
2024-07-11 10:15:31,387,tie_silencer,resistance,1,6,9,3,Champala
2024-07-11 10:15:30,388,stormtrooper,resistance,4,1,6,2,Glee Anselm
2024-07-11 10:15:29,389,at-st,empire,10,6,8,10,Alderaan
2024-07-11 10:15:28,390,x-wing,empire,3,10,4,4,Iktotch
2024-07-11 10:15:27,391,stormtrooper,resistance,9,4,7,5,Alderaan
2024-07-11 10:15:26,392,stormtrooper,resistance,9,3,7,5,Ojom
2024-07-11 10:15:25,393,at-at,resistance,5,2,9,6,Sullust
2024-07-11 10:15:24,394,resistance_soldier,empire,7,2,5,4,Aleen Minor
2024-07-11 10:15:23,395,resistance_soldier,empire,8,5,10,10,Serenno
2024-07-11 10:15:22,396,stormtrooper,resistance,1,9,8,8,Kashyyyk
2024-07-11 10:15:21,397,unknown,empire,4,4,6,9,Dagobah
2024-07-11 10:15:20,398,stormtrooper,empire,10,8,9,5,Socorro
2024-07-11 10:15:19,399,x-wing,empire,7,10,3,3,Shili
2024-07-11 10:15:18,400,tie_silencer,empire,1,5,10,6,Shili
2024-07-11 10:15:17,401,stormtrooper,resistance,1,1,10,6,Stewjon
2024-07-11 10:15:16,402,x-wing,resistance,4,4,1,5,Ojom
2024-07-11 10:15:15,403,unknown,empire,10,10,1,5,Corellia
2024-07-11 10:15:14,404,at-at,empire,7,5,6,10,Concord Dawn
2024-07-11 10:15:13,405,at-st,empire,5,8,6,6,Tund
2024-07-11 10:15:12,406,x-wing,empire,1,2,9,10,Tatooine
2024-07-11 10:15:11,407,unknown,empire,9,8,5,1,Bestine IV
2024-07-11 10:15:10,408,at-st,empire,5,1,3,3,Aleen Minor
2024-07-11 10:15:09,409,x-wing,empire,2,6,8,3,Kashyyyk
2024-07-11 10:15:08,410,x-wing,resistance,3,4,10,4,Mirial
2024-07-11 10:15:07,411,unknown,empire,4,2,3,5,Mirial
2024-07-11 10:15:06,412,tie_silencer,resistance,7,6,10,10,Ryloth
2024-07-11 10:15:05,413,at-at,empire,10,9,9,9,Shili
2024-07-11 10:15:04,414,tie_silencer,resistance,3,9,2,7,Zolan
2024-07-11 10:15:03,415,tie_silencer,empire,10,9,10,5,Zolan
2024-07-11 10:15:02,416,resistance_soldier,resistance,4,10,1,6,Umbara
2024-07-11 10:15:01,417,tie_silencer,empire,1,6,4,6,Mon Cala
2024-07-11 10:15:00,418,stormtrooper,empire,10,10,1,10,Shili
2024-07-11 10:14:59,419,stormtrooper,empire,4,5,2,5,Bestine IV
2024-07-11 10:14:58,420,x-wing,resistance,8,6,7,5,Aleen Minor
2024-07-11 10:14:57,421,at-st,resistance,9,5,10,9,Malastare
2024-07-11 10:14:56,422,stormtrooper,resistance,5,7,10,8,Iridonia
2024-07-11 10:14:55,423,unknown,resistance,8,2,1,2,Socorro
2024-07-11 10:14:54,424,tie_silencer,empire,5,1,6,4,Dathomir
2024-07-11 10:14:53,425,unknown,empire,6,4,8,7,Bestine IV
2024-07-11 10:14:52,426,tie_silencer,resistance,7,6,7,5,Vulpter
2024-07-11 10:14:51,427,at-at,empire,2,6,8,4,Dorin
2024-07-11 10:14:50,428,x-wing,empire,3,7,8,6,Naboo
2024-07-11 10:14:49,429,x-wing,resistance,6,5,4,8,Dathomir
2024-07-11 10:14:48,430,tie_silencer,resistance,1,3,2,5,Mirial
2024-07-11 10:14:47,431,at-at,empire,2,7,3,7,Troiken
2024-07-11 10:14:46,432,tie_fighter,resistance,6,2,3,9,Kalee
2024-07-11 10:14:45,433,at-st,empire,1,9,2,7,Vulpter
2024-07-11 10:14:44,434,at-st,empire,8,2,10,3,Bestine IV
2024-07-11 10:14:43,435,tie_fighter,resistance,2,8,10,6,Quermia
2024-07-11 10:14:42,436,stormtrooper,empire,9,10,1,3,Toydaria
2024-07-11 10:14:41,437,resistance_soldier,resistance,4,8,7,3,Serenno
2024-07-11 10:14:40,438,tie_fighter,empire,7,10,1,4,Aleen Minor
2024-07-11 10:14:39,439,at-at,empire,10,3,9,10,Dorin
2024-07-11 10:14:38,440,stormtrooper,empire,4,3,3,9,Tund
2024-07-11 10:14:37,441,resistance_soldier,resistance,6,5,10,10,Tund
2024-07-11 10:14:36,442,resistance_soldier,resistance,1,5,10,10,Trandosha
2024-07-11 10:14:35,443,stormtrooper,resistance,6,9,7,1,Umbara
2024-07-11 10:14:34,444,tie_fighter,empire,9,9,6,10,Dathomir
2024-07-11 10:14:33,445,tie_fighter,resistance,9,2,10,1,Ojom
2024-07-11 10:14:32,446,tie_fighter,resistance,4,7,7,8,Chandrila
2024-07-11 10:14:31,447,unknown,resistance,4,5,9,10,Rodia
2024-07-11 10:14:30,448,resistance_soldier,empire,10,7,8,10,Naboo
2024-07-11 10:14:29,449,stormtrooper,empire,9,2,9,5,Aleen Minor
2024-07-11 10:14:28,450,resistance_soldier,resistance,2,2,6,8,Tund
2024-07-11 10:14:27,451,tie_fighter,resistance,5,10,6,3,Troiken
2024-07-11 10:14:26,452,at-at,empire,6,4,1,1,Troiken
2024-07-11 10:14:25,453,at-st,empire,10,10,3,7,Malastare
2024-07-11 10:14:24,454,x-wing,resistance,2,10,1,2,Ryloth
2024-07-11 10:14:23,455,tie_fighter,empire,2,6,7,1,Quermia
2024-07-11 10:14:22,456,at-st,resistance,8,7,10,8,Shili
2024-07-11 10:14:21,457,at-st,resistance,3,8,8,10,Socorro
2024-07-11 10:14:20,458,at-at,resistance,9,9,1,3,Dathomir
2024-07-11 10:14:19,459,tie_fighter,resistance,4,4,5,4,Sullust
2024-07-11 10:14:18,460,resistance_soldier,empire,3,4,7,9,Rodia
2024-07-11 10:14:17,461,tie_silencer,empire,10,3,1,9,Toydaria
2024-07-11 10:14:16,462,tie_silencer,empire,3,5,3,4,Alderaan
2024-07-11 10:14:15,463,at-at,resistance,1,4,10,8,Malastare
2024-07-11 10:14:14,464,tie_silencer,resistance,5,7,2,8,Glee Anselm
2024-07-11 10:14:13,465,tie_silencer,empire,7,5,3,2,Alderaan
2024-07-11 10:14:12,466,x-wing,resistance,10,3,10,9,Malastare
2024-07-11 10:14:11,467,resistance_soldier,empire,4,6,7,3,Haruun Kal
2024-07-11 10:14:10,468,tie_silencer,empire,10,3,7,8,Stewjon
2024-07-11 10:14:09,469,stormtrooper,resistance,9,8,5,10,Kalee
2024-07-11 10:14:08,470,stormtrooper,empire,10,9,4,5,Iridonia
2024-07-11 10:14:07,471,stormtrooper,resistance,10,6,4,5,Socorro
2024-07-11 10:14:06,472,unknown,empire,5,9,10,8,Trandosha
2024-07-11 10:14:05,473,x-wing,resistance,6,5,5,7,Iridonia
2024-07-11 10:14:04,474,tie_fighter,empire,5,6,8,9,Mirial
2024-07-11 10:14:03,475,x-wing,empire,3,6,6,7,Aleen Minor
2024-07-11 10:14:02,476,at-st,resistance,2,8,4,10,Dorin
2024-07-11 10:14:01,477,resistance_soldier,resistance,2,3,4,7,Troiken
2024-07-11 10:14:00,478,resistance_soldier,resistance,8,1,6,4,Bestine IV
2024-07-11 10:13:59,479,unknown,resistance,8,2,1,10,Champala
2024-07-11 10:13:58,480,tie_fighter,resistance,2,5,10,6,Stewjon
2024-07-11 10:13:57,481,x-wing,empire,8,2,6,10,Umbara
2024-07-11 10:13:56,482,tie_fighter,empire,9,6,3,1,Ryloth
2024-07-11 10:13:55,483,tie_silencer,resistance,10,6,4,1,Sullust
2024-07-11 10:13:54,484,resistance_soldier,resistance,6,1,6,3,Iridonia
2024-07-11 10:13:53,485,x-wing,empire,4,3,8,1,Sullust
2024-07-11 10:13:52,486,tie_silencer,empire,7,10,8,2,Tund
2024-07-11 10:13:51,487,x-wing,empire,7,10,7,2,Haruun Kal
2024-07-11 10:13:50,488,unknown,resistance,4,8,2,4,Mon Cala
2024-07-11 10:13:49,489,tie_fighter,empire,4,10,5,3,Mirial
2024-07-11 10:13:48,490,tie_fighter,empire,1,4,9,1,Chandrila
2024-07-11 10:13:47,491,at-at,empire,6,10,3,10,Eriadu
2024-07-11 10:13:46,492,unknown,empire,1,8,5,10,Toydaria
2024-07-11 10:13:45,493,at-at,empire,4,1,5,10,Iktotch
2024-07-11 10:13:44,494,x-wing,empire,4,6,2,4,Cerea
2024-07-11 10:13:43,495,x-wing,empire,2,10,10,3,Aleen Minor
2024-07-11 10:13:42,496,x-wing,empire,2,8,5,6,Stewjon
2024-07-11 10:13:41,497,at-st,empire,1,1,4,10,Chandrila
2024-07-11 10:13:40,498,tie_silencer,empire,9,1,1,6,Trandosha
2024-07-11 10:13:39,499,resistance_soldier,empire,10,2,5,5,Quermia
2024-07-11 10:13:38,500,unknown,resistance,5,1,10,7,Kalee
2024-07-11 10:13:37,501,stormtrooper,empire,6,5,3,1,Eriadu
2024-07-11 10:13:36,502,tie_fighter,empire,8,4,6,6,Haruun Kal
2024-07-11 10:13:35,503,at-st,resistance,8,6,3,7,Naboo
2024-07-11 10:13:34,504,stormtrooper,empire,3,3,5,8,Stewjon
2024-07-11 10:13:33,505,x-wing,resistance,2,5,9,7,Concord Dawn
2024-07-11 10:13:32,506,at-st,empire,1,9,9,1,Malastare
2024-07-11 10:13:31,507,at-st,empire,10,8,1,9,Cerea
2024-07-11 10:13:30,508,x-wing,empire,7,6,4,6,Glee Anselm
2024-07-11 10:13:29,509,tie_silencer,empire,10,5,1,4,Aleen Minor
2024-07-11 10:13:28,510,tie_silencer,empire,8,3,3,3,Mirial
2024-07-11 10:13:27,511,x-wing,resistance,4,6,3,2,Shili
2024-07-11 10:13:26,512,resistance_soldier,resistance,2,10,1,9,Iridonia
2024-07-11 10:13:25,513,resistance_soldier,empire,3,10,10,9,Dathomir
2024-07-11 10:13:24,514,at-at,empire,1,10,5,6,Alderaan
2024-07-11 10:13:23,515,at-at,resistance,7,4,1,9,Corellia
2024-07-11 10:13:22,516,x-wing,resistance,4,3,1,5,Umbara
2024-07-11 10:13:21,517,x-wing,empire,8,10,6,5,Zolan
2024-07-11 10:13:20,518,x-wing,resistance,9,8,7,5,Dagobah
2024-07-11 10:13:19,519,at-at,resistance,4,5,10,1,Alderaan
2024-07-11 10:13:18,520,unknown,resistance,8,5,2,7,Cerea
2024-07-11 10:13:17,521,resistance_soldier,resistance,3,3,9,6,Tatooine
2024-07-11 10:13:16,522,x-wing,resistance,10,3,10,7,Malastare
2024-07-11 10:13:15,523,tie_silencer,resistance,8,2,7,10,Serenno
2024-07-11 10:13:14,524,unknown,empire,2,4,3,1,Tund
2024-07-11 10:13:13,525,x-wing,empire,3,9,6,1,Cerea
2024-07-11 10:13:12,526,unknown,empire,6,6,10,6,Umbara
2024-07-11 10:13:11,527,at-at,empire,3,6,5,5,Corellia
2024-07-11 10:13:10,528,tie_fighter,empire,6,2,4,1,Dorin
2024-07-11 10:13:09,529,stormtrooper,resistance,5,9,9,5,Tund
2024-07-11 10:13:08,530,tie_fighter,resistance,8,9,6,7,Vulpter
2024-07-11 10:13:07,531,tie_silencer,resistance,3,10,10,4,Chandrila
2024-07-11 10:13:06,532,at-at,empire,7,3,6,5,Sullust
2024-07-11 10:13:05,533,stormtrooper,empire,3,7,1,5,Tund
2024-07-11 10:13:04,534,x-wing,empire,1,2,6,6,Dagobah
2024-07-11 10:13:03,535,unknown,resistance,4,7,4,7,Vulpter
2024-07-11 10:13:02,536,tie_fighter,resistance,3,6,8,1,Corellia
2024-07-11 10:13:01,537,at-st,resistance,10,8,6,8,Glee Anselm
2024-07-11 10:13:00,538,stormtrooper,empire,3,1,4,8,Vulpter
2024-07-11 10:12:59,539,unknown,resistance,9,1,1,7,Eriadu
2024-07-11 10:12:58,540,tie_fighter,empire,2,1,6,1,Tund
2024-07-11 10:12:57,541,x-wing,resistance,10,7,7,8,Shili
2024-07-11 10:12:56,542,tie_silencer,resistance,1,8,10,4,Aleen Minor
2024-07-11 10:12:55,543,tie_fighter,empire,6,2,7,1,Concord Dawn
2024-07-11 10:12:54,544,stormtrooper,resistance,3,5,6,10,Rodia
2024-07-11 10:12:53,545,stormtrooper,resistance,7,10,9,7,Concord Dawn
2024-07-11 10:12:52,546,at-st,empire,7,1,4,10,Dagobah
2024-07-11 10:12:51,547,resistance_soldier,empire,2,9,2,3,Tund
2024-07-11 10:12:50,548,at-st,resistance,1,8,3,7,Ryloth
2024-07-11 10:12:49,549,x-wing,resistance,5,8,8,10,Stewjon
2024-07-11 10:12:48,550,tie_fighter,resistance,5,6,7,9,Kashyyyk
2024-07-11 10:12:47,551,unknown,empire,4,1,6,5,Concord Dawn
2024-07-11 10:12:46,552,x-wing,empire,9,1,4,9,Rodia
2024-07-11 10:12:45,553,at-st,empire,4,6,10,8,Sullust
2024-07-11 10:12:44,554,at-st,empire,3,5,1,3,Chandrila
2024-07-11 10:12:43,555,at-at,empire,4,10,5,3,Eriadu
2024-07-11 10:12:42,556,unknown,resistance,7,3,2,4,Shili
2024-07-11 10:12:41,557,tie_fighter,resistance,10,1,7,2,Tund
2024-07-11 10:12:40,558,x-wing,empire,3,4,5,8,Bestine IV
2024-07-11 10:12:39,559,at-at,empire,4,8,8,4,Iktotch
2024-07-11 10:12:38,560,tie_fighter,empire,5,6,10,2,Muunilinst
2024-07-11 10:12:37,561,tie_silencer,resistance,6,8,5,8,Ryloth
2024-07-11 10:12:36,562,resistance_soldier,empire,1,8,8,6,Vulpter
2024-07-11 10:12:35,563,x-wing,empire,8,6,4,2,Ojom
2024-07-11 10:12:34,564,at-at,empire,2,3,2,2,Bestine IV
2024-07-11 10:12:33,565,at-st,empire,4,2,1,9,Concord Dawn
2024-07-11 10:12:32,566,at-at,empire,5,10,2,8,Kalee
2024-07-11 10:12:31,567,x-wing,resistance,6,9,9,8,Eriadu
2024-07-11 10:12:30,568,tie_silencer,empire,5,10,5,3,Tund
2024-07-11 10:12:29,569,at-st,resistance,4,8,1,6,Shili
2024-07-11 10:12:28,570,unknown,resistance,3,4,2,7,Troiken
2024-07-11 10:12:27,571,at-at,resistance,3,9,2,5,Mon Cala
2024-07-11 10:12:26,572,tie_fighter,resistance,4,2,5,1,Tholoth
2024-07-11 10:12:25,573,unknown,resistance,10,5,9,8,Cerea
2024-07-11 10:12:24,574,at-st,empire,9,6,9,1,Serenno
2024-07-11 10:12:23,575,resistance_soldier,empire,7,7,4,7,Ryloth
2024-07-11 10:12:22,576,unknown,resistance,10,7,8,6,Stewjon
2024-07-11 10:12:21,577,resistance_soldier,empire,7,3,7,1,Concord Dawn
2024-07-11 10:12:20,578,unknown,resistance,7,2,2,9,Ojom
2024-07-11 10:12:19,579,at-at,empire,8,10,10,9,Trandosha
2024-07-11 10:12:18,580,tie_fighter,empire,3,9,10,2,Dorin
2024-07-11 10:12:17,581,x-wing,resistance,2,2,5,1,Mirial
2024-07-11 10:12:16,582,tie_silencer,resistance,5,7,10,8,Cerea
2024-07-11 10:12:15,583,unknown,empire,9,8,10,10,Muunilinst
2024-07-11 10:12:14,584,tie_fighter,resistance,9,4,6,10,Socorro
2024-07-11 10:12:13,585,stormtrooper,empire,5,9,10,3,Mirial
2024-07-11 10:12:12,586,resistance_soldier,empire,2,9,3,8,Champala
2024-07-11 10:12:11,587,tie_fighter,empire,10,10,8,10,Iktotch
2024-07-11 10:12:10,588,x-wing,empire,8,6,1,1,Quermia
2024-07-11 10:12:09,589,tie_silencer,resistance,5,2,3,5,Quermia
2024-07-11 10:12:08,590,stormtrooper,empire,6,4,5,10,Malastare
2024-07-11 10:12:07,591,x-wing,empire,6,4,7,2,Kalee
2024-07-11 10:12:06,592,x-wing,empire,5,5,6,6,Tatooine
2024-07-11 10:12:05,593,at-at,empire,7,3,4,1,Alderaan
2024-07-11 10:12:04,594,resistance_soldier,empire,9,9,10,8,Muunilinst
2024-07-11 10:12:03,595,stormtrooper,empire,10,1,2,8,Mon Cala
2024-07-11 10:12:02,596,unknown,resistance,3,5,2,2,Glee Anselm
2024-07-11 10:12:01,597,tie_fighter,empire,3,4,7,4,Kalee
2024-07-11 10:12:00,598,tie_fighter,resistance,3,2,2,1,Mon Cala
2024-07-11 10:11:59,599,tie_silencer,resistance,7,6,6,10,Haruun Kal
2024-07-11 10:11:58,600,tie_fighter,resistance,5,6,7,8,Bestine IV
2024-07-11 10:11:57,601,unknown,empire,4,9,5,4,Tholoth
2024-07-11 10:11:56,602,x-wing,resistance,4,3,8,4,Concord Dawn
2024-07-11 10:11:55,603,unknown,resistance,6,1,10,2,Mirial
2024-07-11 10:11:54,604,tie_silencer,empire,1,8,1,1,Mirial
2024-07-11 10:11:53,605,tie_fighter,empire,5,7,4,6,Shili
2024-07-11 10:11:52,606,tie_fighter,resistance,9,2,4,7,Quermia
2024-07-11 10:11:51,607,tie_fighter,resistance,4,8,6,1,Sullust
2024-07-11 10:11:50,608,x-wing,resistance,3,4,5,1,Socorro
2024-07-11 10:11:49,609,tie_silencer,empire,6,9,7,8,Skako
2024-07-11 10:11:48,610,at-st,empire,6,4,1,3,Cerea
2024-07-11 10:11:47,611,at-st,resistance,7,10,8,8,Dagobah
2024-07-11 10:11:46,612,stormtrooper,empire,6,5,8,7,Champala
2024-07-11 10:11:45,613,x-wing,empire,3,1,4,3,Aleen Minor
2024-07-11 10:11:44,614,resistance_soldier,resistance,7,2,2,3,Iktotch
2024-07-11 10:11:43,615,tie_silencer,empire,8,10,4,1,Dathomir
2024-07-11 10:11:42,616,unknown,empire,7,7,8,10,Cerea
2024-07-11 10:11:41,617,resistance_soldier,resistance,8,6,3,9,Corellia
2024-07-11 10:11:40,618,resistance_soldier,empire,5,2,1,8,Ojom
2024-07-11 10:11:39,619,tie_fighter,resistance,6,3,2,9,Skako
2024-07-11 10:11:38,620,stormtrooper,empire,1,8,6,5,Corellia
2024-07-11 10:11:37,621,tie_silencer,empire,2,5,5,7,Socorro
2024-07-11 10:11:36,622,unknown,resistance,3,3,7,6,Kashyyyk
2024-07-11 10:11:35,623,stormtrooper,resistance,6,1,9,1,Skako
2024-07-11 10:11:34,624,x-wing,empire,9,2,10,3,Shili
2024-07-11 10:11:33,625,at-st,empire,1,9,10,9,Alderaan
2024-07-11 10:11:32,626,at-st,resistance,3,4,9,9,Troiken
2024-07-11 10:11:31,627,tie_silencer,empire,5,7,6,10,Aleen Minor
2024-07-11 10:11:30,628,resistance_soldier,resistance,3,9,1,5,Concord Dawn
2024-07-11 10:11:29,629,tie_silencer,resistance,3,8,5,4,Umbara
2024-07-11 10:11:28,630,unknown,empire,6,10,3,4,Vulpter
2024-07-11 10:11:27,631,at-st,resistance,9,6,9,1,Dorin
2024-07-11 10:11:26,632,unknown,empire,7,3,6,9,Vulpter
2024-07-11 10:11:25,633,at-at,resistance,10,3,6,4,Sullust
2024-07-11 10:11:24,634,unknown,empire,9,9,5,3,Umbara
2024-07-11 10:11:23,635,unknown,empire,1,2,3,9,Rodia
2024-07-11 10:11:22,636,x-wing,resistance,6,3,6,6,Tund
2024-07-11 10:11:21,637,at-st,resistance,3,5,9,8,Trandosha
2024-07-11 10:11:20,638,at-at,resistance,4,2,7,5,Zolan
2024-07-11 10:11:19,639,tie_silencer,resistance,3,6,2,7,Dathomir
2024-07-11 10:11:18,640,at-st,empire,10,6,1,2,Quermia
2024-07-11 10:11:17,641,resistance_soldier,resistance,1,1,3,6,Tatooine
2024-07-11 10:11:16,642,unknown,resistance,10,7,10,4,Glee Anselm
2024-07-11 10:11:15,643,at-st,empire,2,7,7,6,Mirial
2024-07-11 10:11:14,644,at-at,empire,5,4,3,4,Alderaan
2024-07-11 10:11:13,645,x-wing,empire,2,5,5,3,Toydaria
2024-07-11 10:11:12,646,tie_fighter,empire,9,5,5,4,Toydaria
2024-07-11 10:11:11,647,tie_fighter,empire,10,7,2,7,Glee Anselm
2024-07-11 10:11:10,648,at-at,empire,4,1,10,5,Kalee
2024-07-11 10:11:09,649,x-wing,empire,6,3,8,6,Rodia
2024-07-11 10:11:08,650,at-st,resistance,7,5,1,6,Kashyyyk
2024-07-11 10:11:07,651,at-st,empire,5,8,7,5,Skako
2024-07-11 10:11:06,652,x-wing,resistance,9,2,5,10,Cerea
2024-07-11 10:11:05,653,at-st,empire,5,9,5,7,Umbara
2024-07-11 10:11:04,654,at-st,resistance,4,9,10,9,Dathomir
2024-07-11 10:11:03,655,resistance_soldier,empire,3,10,7,7,Rodia
2024-07-11 10:11:02,656,tie_silencer,empire,3,4,9,5,Mirial
2024-07-11 10:11:01,657,at-st,resistance,2,7,10,9,Kalee
2024-07-11 10:11:00,658,stormtrooper,resistance,6,2,10,6,Naboo
2024-07-11 10:10:59,659,at-at,empire,3,6,1,5,Iktotch
2024-07-11 10:10:58,660,tie_silencer,resistance,6,8,4,4,Mon Cala
2024-07-11 10:10:57,661,stormtrooper,resistance,9,4,3,6,Kalee
2024-07-11 10:10:56,662,resistance_soldier,resistance,8,6,4,6,Cerea
2024-07-11 10:10:55,663,resistance_soldier,empire,2,4,1,1,Mon Cala
2024-07-11 10:10:54,664,tie_fighter,empire,9,10,6,10,Mirial
2024-07-11 10:10:53,665,resistance_soldier,empire,3,4,10,2,Kashyyyk
2024-07-11 10:10:52,666,tie_fighter,empire,6,2,5,8,Vulpter
2024-07-11 10:10:51,667,stormtrooper,resistance,9,2,9,2,Socorro
2024-07-11 10:10:50,668,tie_fighter,resistance,7,10,10,3,Mon Cala
2024-07-11 10:10:49,669,tie_silencer,empire,5,5,4,5,Tholoth
2024-07-11 10:10:48,670,tie_fighter,resistance,4,5,2,10,Rodia
2024-07-11 10:10:47,671,unknown,empire,9,5,10,10,Dathomir
2024-07-11 10:10:46,672,x-wing,empire,5,7,7,9,Haruun Kal
2024-07-11 10:10:45,673,at-at,empire,8,6,7,9,Vulpter
2024-07-11 10:10:44,674,resistance_soldier,resistance,6,10,5,4,Glee Anselm
2024-07-11 10:10:43,675,x-wing,empire,7,6,2,2,Aleen Minor
2024-07-11 10:10:42,676,unknown,resistance,3,10,10,5,Haruun Kal
2024-07-11 10:10:41,677,at-at,resistance,8,10,6,3,Muunilinst
2024-07-11 10:10:40,678,x-wing,empire,9,7,7,10,Concord Dawn
2024-07-11 10:10:39,679,tie_fighter,empire,6,5,1,8,Haruun Kal
2024-07-11 10:10:38,680,stormtrooper,empire,2,1,7,8,Trandosha
2024-07-11 10:10:37,681,tie_silencer,resistance,8,1,7,7,Naboo
2024-07-11 10:10:36,682,at-st,resistance,3,3,7,3,Haruun Kal
2024-07-11 10:10:35,683,unknown,empire,9,6,2,10,Corellia
2024-07-11 10:10:34,684,unknown,empire,5,8,5,9,Zolan
2024-07-11 10:10:33,685,at-st,resistance,7,4,1,3,Mon Cala
2024-07-11 10:10:32,686,stormtrooper,empire,9,9,8,3,Tatooine
2024-07-11 10:10:31,687,unknown,empire,5,4,5,9,Sullust
2024-07-11 10:10:30,688,x-wing,empire,3,10,7,1,Skako
2024-07-11 10:10:29,689,at-st,empire,5,4,6,10,Troiken
2024-07-11 10:10:28,690,stormtrooper,empire,6,8,1,7,Tatooine
2024-07-11 10:10:27,691,stormtrooper,empire,9,7,3,8,Malastare
2024-07-11 10:10:26,692,tie_silencer,empire,10,1,1,3,Ojom
2024-07-11 10:10:25,693,tie_fighter,empire,5,1,6,2,Haruun Kal
2024-07-11 10:10:24,694,x-wing,resistance,2,7,6,8,Troiken
2024-07-11 10:10:23,695,at-at,resistance,10,7,2,3,Iktotch
2024-07-11 10:10:22,696,at-at,resistance,1,7,10,7,Vulpter
2024-07-11 10:10:21,697,at-at,empire,3,5,10,4,Chandrila
2024-07-11 10:10:20,698,resistance_soldier,resistance,4,7,3,4,Serenno
2024-07-11 10:10:19,699,unknown,resistance,2,9,5,2,Rodia
2024-07-11 10:10:18,700,resistance_soldier,empire,7,7,4,9,Troiken
2024-07-11 10:10:17,701,stormtrooper,empire,8,3,1,8,Haruun Kal
2024-07-11 10:10:16,702,x-wing,resistance,2,5,1,3,Glee Anselm
2024-07-11 10:10:15,703,stormtrooper,empire,6,7,9,8,Iktotch
2024-07-11 10:10:14,704,at-st,empire,3,8,4,4,Iridonia
2024-07-11 10:10:13,705,x-wing,resistance,1,5,10,8,Zolan
2024-07-11 10:10:12,706,unknown,resistance,8,6,10,9,Socorro
2024-07-11 10:10:11,707,tie_fighter,resistance,7,8,2,7,Trandosha
2024-07-11 10:10:10,708,stormtrooper,empire,4,4,7,5,Naboo
2024-07-11 10:10:09,709,at-at,empire,5,1,4,1,Socorro
2024-07-11 10:10:08,710,resistance_soldier,empire,6,3,10,9,Aleen Minor
2024-07-11 10:10:07,711,x-wing,empire,3,2,9,3,Malastare
2024-07-11 10:10:06,712,at-at,resistance,3,9,9,3,Zolan
2024-07-11 10:10:05,713,x-wing,empire,7,5,8,6,Alderaan
2024-07-11 10:10:04,714,unknown,empire,2,3,1,7,Quermia
2024-07-11 10:10:03,715,stormtrooper,empire,4,8,9,7,Malastare
2024-07-11 10:10:02,716,resistance_soldier,empire,8,10,6,9,Mon Cala
2024-07-11 10:10:01,717,resistance_soldier,empire,9,7,5,7,Trandosha
2024-07-11 10:10:00,718,stormtrooper,resistance,5,6,5,1,Iridonia
2024-07-11 10:09:59,719,at-st,resistance,3,5,6,2,Quermia
2024-07-11 10:09:58,720,tie_silencer,empire,6,2,2,1,Corellia
2024-07-11 10:09:57,721,x-wing,empire,8,1,7,1,Rodia
2024-07-11 10:09:56,722,stormtrooper,resistance,2,6,6,1,Cerea
2024-07-11 10:09:55,723,at-st,empire,3,4,10,7,Rodia
2024-07-11 10:09:54,724,at-st,resistance,2,3,5,4,Shili
2024-07-11 10:09:53,725,at-st,empire,3,7,8,6,Dagobah
2024-07-11 10:09:52,726,stormtrooper,empire,10,10,10,7,Champala
2024-07-11 10:09:51,727,resistance_soldier,empire,2,10,1,7,Rodia
2024-07-11 10:09:50,728,resistance_soldier,resistance,3,10,3,5,Kalee
2024-07-11 10:09:49,729,x-wing,resistance,7,2,8,10,Skako
2024-07-11 10:09:48,730,tie_fighter,empire,5,6,10,4,Glee Anselm
2024-07-11 10:09:47,731,at-at,resistance,7,4,3,2,Tund
2024-07-11 10:09:46,732,at-st,resistance,8,8,6,8,Muunilinst
2024-07-11 10:09:45,733,resistance_soldier,resistance,2,2,4,1,Haruun Kal
2024-07-11 10:09:44,734,unknown,empire,1,5,10,7,Aleen Minor
2024-07-11 10:09:43,735,tie_silencer,resistance,8,7,10,2,Tatooine
2024-07-11 10:09:42,736,stormtrooper,resistance,9,9,6,5,Quermia
2024-07-11 10:09:41,737,x-wing,empire,2,6,6,10,Naboo
2024-07-11 10:09:40,738,at-at,empire,4,9,5,9,Alderaan
2024-07-11 10:09:39,739,unknown,resistance,9,5,1,2,Dathomir
2024-07-11 10:09:38,740,tie_fighter,resistance,9,8,8,1,Zolan
2024-07-11 10:09:37,741,tie_fighter,resistance,7,5,2,6,Cerea
2024-07-11 10:09:36,742,stormtrooper,resistance,8,3,5,10,Malastare
2024-07-11 10:09:35,743,at-at,resistance,6,3,7,4,Serenno
2024-07-11 10:09:34,744,at-st,empire,4,7,5,7,Stewjon
2024-07-11 10:09:33,745,x-wing,resistance,6,10,1,2,Bestine IV
2024-07-11 10:09:32,746,tie_fighter,empire,4,5,4,3,Cerea
2024-07-11 10:09:31,747,x-wing,resistance,1,3,7,7,Dagobah
2024-07-11 10:09:30,748,at-at,resistance,5,9,3,10,Iktotch
2024-07-11 10:09:29,749,tie_silencer,resistance,9,8,9,5,Eriadu
2024-07-11 10:09:28,750,x-wing,empire,8,9,5,3,Dagobah
2024-07-11 10:09:27,751,tie_silencer,resistance,5,6,2,2,Trandosha
2024-07-11 10:09:26,752,stormtrooper,empire,7,2,8,2,Chandrila
2024-07-11 10:09:25,753,unknown,empire,2,3,5,6,Serenno
2024-07-11 10:09:24,754,x-wing,empire,6,5,2,8,Concord Dawn
2024-07-11 10:09:23,755,tie_silencer,empire,1,5,8,7,Quermia
2024-07-11 10:09:22,756,tie_silencer,resistance,6,2,3,6,Rodia
2024-07-11 10:09:21,757,tie_silencer,resistance,3,3,8,8,Socorro
2024-07-11 10:09:20,758,tie_silencer,empire,8,2,2,4,Troiken
2024-07-11 10:09:19,759,tie_fighter,resistance,4,10,7,3,Bestine IV
2024-07-11 10:09:18,760,x-wing,resistance,6,6,6,8,Concord Dawn
2024-07-11 10:09:17,761,at-st,resistance,1,6,1,1,Stewjon
2024-07-11 10:09:16,762,x-wing,empire,5,7,6,8,Umbara
2024-07-11 10:09:15,763,unknown,empire,6,8,3,8,Sullust
2024-07-11 10:09:14,764,x-wing,resistance,4,7,9,6,Ojom
2024-07-11 10:09:13,765,resistance_soldier,resistance,10,2,4,8,Umbara
2024-07-11 10:09:12,766,x-wing,resistance,5,3,9,5,Concord Dawn
2024-07-11 10:09:11,767,at-at,empire,9,5,6,7,Bestine IV
2024-07-11 10:09:10,768,at-at,resistance,5,3,9,4,Toydaria
2024-07-11 10:09:09,769,x-wing,resistance,9,7,10,3,Naboo
2024-07-11 10:09:08,770,tie_silencer,empire,1,8,2,2,Ojom
2024-07-11 10:09:07,771,at-st,empire,4,9,4,1,Naboo
2024-07-11 10:09:06,772,at-st,resistance,9,8,4,2,Corellia
2024-07-11 10:09:05,773,at-st,resistance,3,2,4,7,Alderaan
2024-07-11 10:09:04,774,resistance_soldier,empire,3,7,6,5,Ojom
2024-07-11 10:09:03,775,tie_fighter,empire,9,4,9,10,Kalee
2024-07-11 10:09:02,776,at-st,resistance,1,7,6,3,Malastare
2024-07-11 10:09:01,777,tie_silencer,empire,2,9,4,9,Vulpter
2024-07-11 10:09:00,778,at-at,resistance,5,8,8,6,Troiken
2024-07-11 10:08:59,779,tie_fighter,empire,10,8,4,1,Shili
2024-07-11 10:08:58,780,tie_fighter,resistance,4,1,5,3,Iktotch
2024-07-11 10:08:57,781,tie_fighter,empire,5,9,3,10,Aleen Minor
2024-07-11 10:08:56,782,unknown,resistance,3,1,2,8,Haruun Kal
2024-07-11 10:08:55,783,at-at,resistance,10,6,9,2,Corellia
2024-07-11 10:08:54,784,unknown,resistance,3,7,1,8,Rodia
2024-07-11 10:08:53,785,unknown,resistance,5,8,8,2,Tholoth
2024-07-11 10:08:52,786,x-wing,resistance,2,1,8,6,Mon Cala
2024-07-11 10:08:51,787,resistance_soldier,resistance,4,2,5,10,Stewjon
2024-07-11 10:08:50,788,stormtrooper,empire,8,4,6,1,Haruun Kal
2024-07-11 10:08:49,789,stormtrooper,empire,2,7,6,5,Haruun Kal
2024-07-11 10:08:48,790,tie_fighter,resistance,5,7,1,1,Malastare
2024-07-11 10:08:47,791,unknown,resistance,5,7,1,7,Sullust
2024-07-11 10:08:46,792,tie_fighter,resistance,6,8,10,2,Malastare
2024-07-11 10:08:45,793,stormtrooper,empire,8,7,1,2,Concord Dawn
2024-07-11 10:08:44,794,tie_fighter,empire,10,4,6,8,Alderaan
2024-07-11 10:08:43,795,at-st,resistance,8,1,5,4,Toydaria
2024-07-11 10:08:42,796,x-wing,resistance,2,6,10,2,Dorin
2024-07-11 10:08:41,797,tie_silencer,empire,3,10,5,8,Kashyyyk
2024-07-11 10:08:40,798,at-st,resistance,7,1,3,2,Iktotch
2024-07-11 10:08:39,799,tie_silencer,resistance,10,7,7,5,Ojom
2024-07-11 10:08:38,800,at-st,empire,7,8,3,5,Troiken
2024-07-11 10:08:37,801,tie_silencer,resistance,6,9,4,2,Ryloth
2024-07-11 10:08:36,802,resistance_soldier,resistance,3,2,1,5,Haruun Kal
2024-07-11 10:08:35,803,stormtrooper,resistance,3,2,4,1,Kalee
2024-07-11 10:08:34,804,x-wing,resistance,9,9,2,9,Dagobah
2024-07-11 10:08:33,805,tie_fighter,resistance,1,10,10,7,Serenno
2024-07-11 10:08:32,806,tie_fighter,resistance,8,10,3,1,Mon Cala
2024-07-11 10:08:31,807,tie_fighter,empire,3,7,4,1,Eriadu
2024-07-11 10:08:30,808,x-wing,empire,10,3,8,5,Ojom
2024-07-11 10:08:29,809,at-st,resistance,7,6,8,5,Eriadu
2024-07-11 10:08:28,810,tie_fighter,resistance,5,3,10,10,Vulpter
2024-07-11 10:08:27,811,tie_silencer,resistance,9,2,2,9,Aleen Minor
2024-07-11 10:08:26,812,at-st,empire,5,3,2,10,Dorin
2024-07-11 10:08:25,813,at-at,resistance,4,8,8,6,Socorro
2024-07-11 10:08:24,814,at-st,empire,2,9,1,10,Naboo
2024-07-11 10:08:23,815,at-at,empire,6,1,5,5,Alderaan
2024-07-11 10:08:22,816,unknown,empire,10,3,3,7,Stewjon
2024-07-11 10:08:21,817,tie_silencer,resistance,5,7,2,8,Alderaan
2024-07-11 10:08:20,818,resistance_soldier,resistance,10,2,8,10,Rodia
2024-07-11 10:08:19,819,unknown,empire,7,8,2,3,Corellia
2024-07-11 10:08:18,820,at-st,resistance,8,9,8,6,Shili
2024-07-11 10:08:17,821,at-st,empire,1,3,1,8,Aleen Minor
2024-07-11 10:08:16,822,tie_fighter,resistance,7,9,10,4,Muunilinst
2024-07-11 10:08:15,823,tie_fighter,resistance,7,4,10,9,Eriadu
2024-07-11 10:08:14,824,at-st,empire,2,1,3,8,Trandosha
2024-07-11 10:08:13,825,at-st,empire,6,10,2,6,Dorin
2024-07-11 10:08:12,826,tie_fighter,empire,5,7,5,8,Dagobah
2024-07-11 10:08:11,827,tie_silencer,empire,4,1,6,10,Umbara
2024-07-11 10:08:10,828,unknown,empire,3,4,5,5,Sullust
2024-07-11 10:08:09,829,at-at,resistance,9,7,5,9,Tholoth
2024-07-11 10:08:08,830,tie_silencer,resistance,5,8,6,8,Concord Dawn
2024-07-11 10:08:07,831,at-at,resistance,1,7,6,5,Glee Anselm
2024-07-11 10:08:06,832,resistance_soldier,resistance,9,9,7,3,Concord Dawn
2024-07-11 10:08:05,833,resistance_soldier,resistance,2,5,7,2,Ryloth
2024-07-11 10:08:04,834,at-st,resistance,3,8,9,8,Rodia
2024-07-11 10:08:03,835,tie_silencer,empire,8,4,1,8,Bestine IV
2024-07-11 10:08:02,836,stormtrooper,resistance,8,2,3,5,Glee Anselm
2024-07-11 10:08:01,837,tie_fighter,empire,2,10,4,1,Malastare
2024-07-11 10:08:00,838,tie_fighter,empire,5,1,2,3,Socorro
2024-07-11 10:07:59,839,tie_silencer,resistance,5,8,9,6,Eriadu
2024-07-11 10:07:58,840,stormtrooper,empire,2,2,6,6,Mon Cala
2024-07-11 10:07:57,841,stormtrooper,resistance,10,4,6,4,Umbara
2024-07-11 10:07:56,842,at-st,empire,4,9,7,3,Sullust
2024-07-11 10:07:55,843,at-at,empire,5,5,5,9,Ojom
2024-07-11 10:07:54,844,at-at,empire,1,6,7,3,Mirial
2024-07-11 10:07:53,845,at-st,empire,9,2,10,8,Eriadu
2024-07-11 10:07:52,846,at-at,resistance,1,7,10,7,Tatooine
2024-07-11 10:07:51,847,unknown,empire,9,3,7,6,Umbara
2024-07-11 10:07:50,848,tie_silencer,empire,7,1,9,1,Stewjon
2024-07-11 10:07:49,849,resistance_soldier,empire,1,8,7,3,Socorro
2024-07-11 10:07:48,850,stormtrooper,empire,8,10,2,9,Socorro
2024-07-11 10:07:47,851,stormtrooper,empire,10,9,6,2,Skako
2024-07-11 10:07:46,852,at-st,resistance,2,2,8,5,Dathomir
2024-07-11 10:07:45,853,tie_fighter,resistance,8,6,6,6,Vulpter
2024-07-11 10:07:44,854,resistance_soldier,empire,8,4,3,7,Toydaria
2024-07-11 10:07:43,855,at-at,empire,2,1,2,4,Eriadu
2024-07-11 10:07:42,856,resistance_soldier,resistance,5,8,5,4,Dathomir
2024-07-11 10:07:41,857,tie_fighter,empire,7,4,7,6,Quermia
2024-07-11 10:07:40,858,at-at,resistance,8,2,9,2,Trandosha
2024-07-11 10:07:39,859,at-at,empire,5,8,9,3,Dathomir
2024-07-11 10:07:38,860,resistance_soldier,resistance,3,2,6,2,Champala
2024-07-11 10:07:37,861,at-at,resistance,7,3,8,2,Iktotch
2024-07-11 10:07:36,862,at-at,resistance,2,10,8,3,Skako
2024-07-11 10:07:35,863,x-wing,resistance,1,7,1,8,Haruun Kal
2024-07-11 10:07:34,864,tie_fighter,empire,2,4,3,1,Naboo
2024-07-11 10:07:33,865,tie_fighter,resistance,9,3,4,7,Zolan
2024-07-11 10:07:32,866,stormtrooper,resistance,6,9,3,5,Champala
2024-07-11 10:07:31,867,unknown,resistance,4,4,10,9,Trandosha
2024-07-11 10:07:30,868,unknown,empire,4,8,4,8,Corellia
2024-07-11 10:07:29,869,unknown,resistance,10,9,1,10,Aleen Minor
2024-07-11 10:07:28,870,x-wing,empire,6,8,9,8,Dagobah
2024-07-11 10:07:27,871,tie_fighter,resistance,9,2,2,5,Haruun Kal
2024-07-11 10:07:26,872,stormtrooper,empire,5,9,2,6,Iktotch
2024-07-11 10:07:25,873,x-wing,resistance,5,6,9,8,Kalee
2024-07-11 10:07:24,874,stormtrooper,resistance,8,6,1,6,Kashyyyk
2024-07-11 10:07:23,875,at-at,resistance,5,7,4,3,Shili
2024-07-11 10:07:22,876,at-st,empire,5,10,3,10,Shili
2024-07-11 10:07:21,877,x-wing,resistance,2,8,9,9,Toydaria
2024-07-11 10:07:20,878,stormtrooper,empire,3,5,7,9,Iktotch
2024-07-11 10:07:19,879,at-st,resistance,1,6,3,4,Eriadu
2024-07-11 10:07:18,880,x-wing,resistance,10,7,5,8,Trandosha
2024-07-11 10:07:17,881,stormtrooper,resistance,8,8,4,9,Iridonia
2024-07-11 10:07:16,882,stormtrooper,empire,3,10,5,10,Socorro
2024-07-11 10:07:15,883,tie_silencer,resistance,1,5,9,6,Tund
2024-07-11 10:07:14,884,at-at,empire,9,3,4,3,Mon Cala
2024-07-11 10:07:13,885,at-st,empire,5,2,9,4,Umbara
2024-07-11 10:07:12,886,at-at,resistance,6,4,1,5,Tatooine
2024-07-11 10:07:11,887,x-wing,empire,7,8,10,5,Malastare
2024-07-11 10:07:10,888,tie_silencer,resistance,10,6,4,4,Corellia
2024-07-11 10:07:09,889,tie_fighter,resistance,10,2,7,10,Naboo
2024-07-11 10:07:08,890,unknown,resistance,3,1,7,2,Rodia
2024-07-11 10:07:07,891,at-at,empire,7,10,8,6,Bestine IV
2024-07-11 10:07:06,892,resistance_soldier,empire,5,10,3,9,Iridonia
2024-07-11 10:07:05,893,x-wing,resistance,4,1,1,10,Muunilinst
2024-07-11 10:07:04,894,x-wing,resistance,10,3,4,6,Rodia
2024-07-11 10:07:03,895,stormtrooper,resistance,3,8,9,9,Mon Cala
2024-07-11 10:07:02,896,stormtrooper,empire,1,5,3,4,Glee Anselm
2024-07-11 10:07:01,897,at-at,resistance,2,6,2,2,Ryloth
2024-07-11 10:07:00,898,at-st,resistance,1,4,4,2,Cerea
2024-07-11 10:06:59,899,tie_fighter,empire,6,3,4,2,Bestine IV
2024-07-11 10:06:58,900,tie_silencer,resistance,5,2,6,1,Zolan
2024-07-11 10:06:57,901,tie_silencer,resistance,4,8,10,4,Muunilinst
2024-07-11 10:06:56,902,at-st,resistance,2,2,6,8,Iridonia
2024-07-11 10:06:55,903,stormtrooper,empire,5,2,10,9,Ryloth
2024-07-11 10:06:54,904,tie_silencer,resistance,10,6,10,7,Mirial
2024-07-11 10:06:53,905,x-wing,empire,6,5,1,6,Trandosha
2024-07-11 10:06:52,906,at-at,resistance,3,2,1,8,Rodia
2024-07-11 10:06:51,907,at-at,resistance,3,7,1,9,Zolan
2024-07-11 10:06:50,908,resistance_soldier,resistance,6,9,5,9,Corellia
2024-07-11 10:06:49,909,tie_fighter,empire,5,7,2,7,Toydaria
2024-07-11 10:06:48,910,x-wing,empire,8,5,3,2,Naboo
2024-07-11 10:06:47,911,x-wing,empire,4,2,8,7,Corellia
2024-07-11 10:06:46,912,tie_silencer,empire,3,7,7,7,Ojom
2024-07-11 10:06:45,913,stormtrooper,resistance,5,9,1,2,Mon Cala
2024-07-11 10:06:44,914,stormtrooper,resistance,8,1,2,6,Ojom
2024-07-11 10:06:43,915,tie_fighter,empire,9,6,10,3,Champala
2024-07-11 10:06:42,916,stormtrooper,resistance,3,7,5,5,Tatooine
2024-07-11 10:06:41,917,tie_fighter,empire,10,2,6,8,Iridonia
2024-07-11 10:06:40,918,tie_silencer,resistance,7,1,10,6,Alderaan
2024-07-11 10:06:39,919,at-st,empire,2,9,5,1,Sullust
2024-07-11 10:06:38,920,at-st,resistance,7,8,1,3,Umbara
2024-07-11 10:06:37,921,tie_fighter,empire,3,10,2,4,Naboo
2024-07-11 10:06:36,922,at-at,resistance,10,9,4,4,Bestine IV
2024-07-11 10:06:35,923,x-wing,empire,2,7,4,9,Malastare
2024-07-11 10:06:34,924,resistance_soldier,resistance,9,4,4,3,Malastare
2024-07-11 10:06:33,925,at-at,resistance,4,7,5,2,Aleen Minor
2024-07-11 10:06:32,926,tie_silencer,resistance,7,4,6,6,Tund
2024-07-11 10:06:31,927,tie_fighter,resistance,7,6,2,2,Corellia
2024-07-11 10:06:30,928,at-st,resistance,7,4,2,3,Vulpter
2024-07-11 10:06:29,929,at-at,resistance,6,8,4,10,Bestine IV
2024-07-11 10:06:28,930,tie_fighter,empire,5,2,6,3,Kashyyyk
2024-07-11 10:06:27,931,at-st,resistance,5,4,10,8,Mon Cala
2024-07-11 10:06:26,932,at-st,empire,4,2,6,6,Glee Anselm
2024-07-11 10:06:25,933,at-st,empire,5,7,4,8,Eriadu
2024-07-11 10:06:24,934,x-wing,empire,6,4,1,8,Kashyyyk
2024-07-11 10:06:23,935,x-wing,resistance,7,2,9,4,Bestine IV
2024-07-11 10:06:22,936,resistance_soldier,resistance,10,7,6,4,Dagobah
2024-07-11 10:06:21,937,resistance_soldier,resistance,4,10,1,7,Concord Dawn
2024-07-11 10:06:20,938,at-at,resistance,10,7,7,2,Alderaan
2024-07-11 10:06:19,939,unknown,empire,9,6,3,5,Bestine IV
2024-07-11 10:06:18,940,resistance_soldier,empire,1,6,9,2,Serenno
2024-07-11 10:06:17,941,resistance_soldier,empire,6,1,6,10,Bestine IV
2024-07-11 10:06:16,942,resistance_soldier,empire,8,4,8,10,Shili
2024-07-11 10:06:15,943,x-wing,empire,7,3,9,1,Naboo
2024-07-11 10:06:14,944,tie_fighter,resistance,5,3,6,2,Socorro
2024-07-11 10:06:13,945,unknown,resistance,4,9,3,10,Alderaan
2024-07-11 10:06:12,946,tie_silencer,resistance,8,3,1,6,Bestine IV
2024-07-11 10:06:11,947,at-st,empire,4,10,2,2,Vulpter
2024-07-11 10:06:10,948,stormtrooper,empire,2,9,5,10,Chandrila
2024-07-11 10:06:09,949,tie_silencer,empire,1,5,9,4,Ojom
2024-07-11 10:06:08,950,at-at,empire,2,6,3,2,Zolan
2024-07-11 10:06:07,951,resistance_soldier,resistance,9,1,10,2,Tund
2024-07-11 10:06:06,952,tie_fighter,resistance,7,7,9,9,Skako
2024-07-11 10:06:05,953,at-st,resistance,7,10,2,10,Champala
2024-07-11 10:06:04,954,tie_fighter,resistance,1,5,2,8,Tatooine
2024-07-11 10:06:03,955,at-st,resistance,5,9,8,5,Shili
2024-07-11 10:06:02,956,resistance_soldier,empire,9,5,7,7,Concord Dawn
2024-07-11 10:06:01,957,at-at,resistance,8,9,8,8,Tatooine
2024-07-11 10:06:00,958,at-at,empire,9,6,9,8,Dorin
2024-07-11 10:05:59,959,at-at,empire,9,5,9,6,Rodia
2024-07-11 10:05:58,960,tie_silencer,resistance,5,4,4,10,Mon Cala
2024-07-11 10:05:57,961,unknown,empire,5,4,9,7,Corellia
2024-07-11 10:05:56,962,tie_fighter,empire,3,8,2,7,Tund
2024-07-11 10:05:55,963,tie_fighter,empire,2,4,5,6,Ojom
2024-07-11 10:05:54,964,at-st,resistance,5,9,7,9,Glee Anselm
2024-07-11 10:05:53,965,at-st,empire,8,10,5,1,Cerea
2024-07-11 10:05:52,966,at-st,empire,7,1,8,5,Vulpter
2024-07-11 10:05:51,967,at-at,empire,5,6,7,2,Shili
2024-07-11 10:05:50,968,at-at,resistance,5,1,10,9,Tund
2024-07-11 10:05:49,969,unknown,empire,10,4,1,7,Haruun Kal
2024-07-11 10:05:48,970,tie_silencer,resistance,9,2,6,5,Mirial
2024-07-11 10:05:47,971,at-at,empire,1,10,1,1,Chandrila
2024-07-11 10:05:46,972,at-st,empire,8,5,7,4,Tatooine
2024-07-11 10:05:45,973,resistance_soldier,empire,5,10,7,10,Vulpter
2024-07-11 10:05:44,974,resistance_soldier,resistance,5,9,3,1,Skako
2024-07-11 10:05:43,975,tie_fighter,empire,5,3,8,8,Cerea
2024-07-11 10:05:42,976,x-wing,empire,6,8,2,9,Socorro
2024-07-11 10:05:41,977,at-st,resistance,10,5,6,1,Cerea
2024-07-11 10:05:40,978,at-st,empire,2,6,6,5,Kalee
2024-07-11 10:05:39,979,at-st,resistance,10,8,1,3,Corellia
2024-07-11 10:05:38,980,resistance_soldier,empire,8,5,6,4,Aleen Minor
2024-07-11 10:05:37,981,x-wing,resistance,1,2,10,3,Ojom
2024-07-11 10:05:36,982,stormtrooper,empire,3,8,5,10,Umbara
2024-07-11 10:05:35,983,resistance_soldier,empire,1,2,4,5,Rodia
2024-07-11 10:05:34,984,tie_silencer,resistance,8,9,9,5,Troiken
2024-07-11 10:05:33,985,at-at,resistance,1,1,10,9,Kalee
2024-07-11 10:05:32,986,resistance_soldier,resistance,2,10,8,3,Kashyyyk
2024-07-11 10:05:31,987,at-at,empire,10,1,3,2,Mirial
2024-07-11 10:05:30,988,tie_silencer,empire,7,1,6,7,Stewjon
2024-07-11 10:05:29,989,tie_fighter,resistance,8,8,9,8,Alderaan
2024-07-11 10:05:28,990,x-wing,resistance,8,8,5,3,Chandrila
2024-07-11 10:05:27,991,tie_fighter,empire,4,1,4,6,Muunilinst
2024-07-11 10:05:26,992,tie_silencer,empire,5,9,2,1,Ojom
2024-07-11 10:05:25,993,at-st,resistance,10,5,7,6,Kashyyyk
2024-07-11 10:05:24,994,stormtrooper,empire,7,1,1,8,Tholoth
2024-07-11 10:05:23,995,x-wing,empire,2,4,6,6,Mirial
2024-07-11 10:05:22,996,stormtrooper,resistance,3,10,8,8,Aleen Minor
2024-07-11 10:05:21,997,x-wing,resistance,7,8,6,9,Kalee
2024-07-11 10:05:20,998,resistance_soldier,resistance,5,10,10,1,Tund
2024-07-11 10:05:19,999,resistance_soldier,resistance,4,7,8,3,Sullust
2024-07-11 10:05:18,1000,unknown,resistance,6,4,1,7,Skako
